{
  "/color-blue": {"value": 255},
  "/hora": {"text": "0"},
  "/speed": {
    "min": 1,
    "max": 20,
    "value": 7.000000476837158
  },
  "/color-red": {"value": 255},
  "/infoTexto": {
    "stringValue": "* Press enter when finish to typewrite in timebox",
    "value": 0
  },
  "/NumPuntos": {
    "min": 1,
    "max": 20,
    "value": 8
  },
  "/blend": {"value": 227.38917541503906},
  "/X": {
    "min": -1280,
    "max": 1280,
    "value": -530.7317504882812
  },
  "/Y": {
    "min": -768,
    "max": 768,
    "value": 145.29730224609375
  },
  "/Z": {"value": 0},
  "/minuto": {"text": "0"},
  "/secondTexto": {
    "stringValue": "000",
    "value": 0
  },
  "/hourTexto": {
    "stringValue": "",
    "value": 0
  },
  "/sonidoExtremos": {"value": 0},
  "/color-green": {"value": 0},
  "/Distancia": {
    "min": 20,
    "max": 400,
    "value": 100
  },
  "/segundo": {"text": ""},
  "/minuteTexto": {
    "stringValue": "0",
    "value": 0
  },
  "/sonidoPuntos": {"value": 1},
  "/movimiento": {"value": 0},
  "/state": {"value": 0}
}